{"health":100,"notes":2,"pos":[44.3693656921387,1.07651317119598,-56.3338241577148],"rot":142.518218994141,"lastLevel":"Level_Start"}