{"health":100,"notes":0,"pos":[-10.0588731765747,1.07651281356812,-50.9761619567871],"rot":332.555236816406,"lastLevel":"uusiLevelStart"}