{"health":100,"notes":0,"pos":[-74.4922714233398,1.07650637626648,1.89319980144501],"rot":274.158935546875,"lastLevel":"uusiLevelStart"}