{"health":100,"notes":0,"pos":[26.7174377441406,1.07650923728943,-22.9359436035156],"rot":10.9749116897583,"lastLevel":"uusiLevelStart"}