{"health":100,"notes":5,"pos":[26.7645606994629,1.07651126384735,-40.4760513305664],"rot":159.692840576172,"lastLevel":"Level_Start"}