{"health":100,"notes":1,"pos":[-7.62934875488281,1.07651472091675,-69.5752944946289],"rot":59.0728874206543,"lastLevel":"Level_Start"}